{
  "parent": "crystal:root",
  "display": {
    "announce_to_chat": true,
    "description": {
      "translate": "crystal:advancements.infinite_water.description"
    },
    "frame": "task",
    "hidden": true,
    "icon": {
      "item": "minecraft:water_bucket"
    },
    "show_toast": true,
    "title": {
      "translate": "crystal:advancements.infinite_water.title"
    }
  },
  "criteria": {
    "inventory_water_source": {
      "trigger": "minecraft:impossible"
    }
  }
}